{
    "cpu temperatures": [
        33.589,
        34.563,
        34.076,
        34.563,
        34.563,
        34.563,
        34.076,
        34.076,
        34.563,
        34.076,
        34.563,
        35.05,
        34.563,
        35.05,
        35.05,
        34.076,
        34.563,
        34.563,
        35.537,
        34.076,
        35.05,
        35.05,
        35.537,
        36.024,
        34.563,
        34.563,
        34.563,
        35.05,
        35.05,
        35.537,
        35.05,
        35.05,
        35.537,
        36.024,
        35.05,
        34.076,
        35.537,
        34.563,
        35.537,
        35.05,
        35.05,
        35.05,
        35.05,
        34.563,
        36.024,
        34.563,
        35.05,
        36.024,
        35.537,
        36.024,
        36.511,
        35.537,
        36.024,
        35.05,
        35.537,
        35.05,
        35.537,
        35.537,
        35.05,
        35.05,
        36.511,
        36.024,
        35.537,
        35.537,
        35.05,
        36.024,
        35.537,
        35.05,
        36.024,
        35.537,
        36.024,
        36.024,
        35.537,
        36.998,
        36.511,
        36.024,
        36.511,
        35.537,
        36.024,
        36.024,
        35.537,
        36.024,
        36.024,
        35.537,
        36.024,
        35.537,
        35.537,
        36.511,
        36.024,
        36.024,
        35.537,
        35.537,
        36.024,
        36.024,
        35.537,
        35.05,
        36.024,
        35.05,
        36.511,
        36.024,
        36.024
    ],
    "delta temperature": 2.4350000000000023,
    "average delta temperature": 0.024350000000000024,
    "total time": 11.631032724000079,
    "average time": 0.11631032724000079
}