{
    "cpu temperatures": [
        33.102,
        32.615,
        34.076,
        33.589,
        33.102,
        33.102,
        33.589,
        33.589,
        34.076,
        34.076,
        35.05,
        33.102,
        34.076,
        33.589,
        34.076,
        33.102,
        34.563,
        33.589,
        34.563,
        33.589,
        34.563,
        33.589,
        34.563,
        34.076,
        33.589,
        34.076,
        33.589,
        33.102,
        34.563,
        33.589,
        34.563,
        33.102,
        33.102,
        33.589,
        34.076,
        34.076,
        35.05,
        34.076,
        34.563,
        34.563,
        34.563,
        33.589,
        33.102,
        34.076,
        34.076,
        35.05,
        35.05,
        34.563,
        34.076,
        34.076,
        34.076,
        33.589,
        34.563,
        35.05,
        33.589,
        34.563,
        34.563,
        33.589,
        35.05,
        33.589,
        32.615,
        34.076,
        32.615,
        34.076,
        34.076,
        33.589,
        33.589,
        34.076,
        34.076,
        34.076,
        34.076,
        34.076,
        34.076,
        35.05,
        35.05,
        34.076,
        34.563,
        34.076,
        35.05,
        34.563,
        34.076,
        34.563,
        33.589,
        34.563,
        35.05,
        35.05,
        34.563,
        34.076,
        34.563,
        35.05,
        34.076,
        34.563,
        34.563,
        34.563,
        33.589,
        34.563,
        35.05,
        34.076,
        34.563,
        34.563,
        35.05
    ],
    "delta temperature": 1.9480000000000004,
    "average delta temperature": 0.019480000000000004,
    "total time": 2.6036214700000073,
    "average time": 0.026036214700000074
}