{
    "cpu temperatures": [
        35.05,
        35.537,
        35.537,
        36.024,
        35.537,
        35.05,
        34.563,
        35.537,
        35.05,
        36.024,
        35.537,
        36.024,
        34.563,
        36.024,
        36.024,
        35.537,
        36.511,
        36.024,
        36.998,
        34.563,
        36.511,
        35.537,
        35.537,
        36.511,
        35.537,
        35.05,
        36.998,
        36.024,
        36.511,
        36.511,
        37.485,
        36.024,
        36.511,
        36.511,
        36.511,
        37.485,
        36.024,
        36.511,
        36.511,
        37.485,
        36.511,
        37.485,
        36.998,
        36.998,
        36.998,
        37.485,
        36.998,
        36.998,
        37.485,
        36.511,
        37.485,
        36.998,
        36.511,
        36.511,
        37.485,
        36.998,
        37.972,
        37.485,
        37.485,
        37.972,
        37.485,
        36.998,
        38.459,
        37.972,
        37.485,
        37.485,
        37.972,
        36.998,
        38.459,
        37.972,
        37.485,
        36.511,
        38.459,
        38.459,
        37.972,
        37.972,
        37.972,
        38.946,
        38.459,
        37.972,
        38.946,
        38.946,
        38.946,
        38.946,
        37.972,
        38.459,
        38.459,
        38.459,
        37.485,
        39.433,
        37.972,
        37.972,
        39.433,
        38.459,
        38.459,
        37.972,
        38.946,
        38.459,
        38.459,
        37.972,
        38.459
    ],
    "delta temperature": 3.409000000000006,
    "average delta temperature": 0.03409000000000006,
    "total time": 11.642743726999925,
    "average time": 0.11642743726999924
}