{
    "cpu temperatures": [
        34.563,
        34.563,
        34.563,
        35.537,
        34.076,
        34.076,
        34.563,
        35.05,
        35.05,
        35.537,
        35.537,
        35.05,
        34.563,
        34.563,
        34.076,
        34.563,
        35.05,
        34.563,
        35.537,
        34.563,
        35.05,
        34.563,
        34.563,
        35.05,
        35.537,
        35.05,
        34.563,
        34.563,
        35.537,
        35.05,
        35.05,
        34.563,
        35.05,
        35.05,
        35.05,
        34.563,
        34.563,
        34.563,
        36.024,
        35.537,
        36.024,
        35.05,
        35.537,
        35.537,
        36.511,
        35.537,
        36.511,
        35.05,
        35.05,
        35.537,
        35.537,
        35.05,
        36.024,
        35.05,
        35.537,
        35.537,
        36.024,
        34.563,
        35.537,
        35.05,
        34.563,
        35.05,
        35.05,
        35.05,
        35.537,
        36.024,
        35.05,
        35.05,
        35.537,
        35.05,
        35.537,
        35.537,
        36.024,
        35.537,
        36.024,
        35.05,
        35.05,
        35.537,
        36.024,
        35.05,
        35.537,
        35.537,
        35.537,
        36.024,
        35.537,
        35.537,
        35.537,
        35.537,
        36.024,
        35.537,
        36.024,
        35.537,
        36.024,
        35.537,
        35.537,
        36.024,
        35.537,
        35.537,
        35.537,
        35.05,
        35.537
    ],
    "delta temperature": 0.9739999999999966,
    "average delta temperature": 0.009739999999999966,
    "total time": 2.630384584000012,
    "average time": 0.02630384584000012
}